97;Production Technician - WC50;0
139;Production Technician - WC20;0
234;Chief Financial Officer;0
141;Production Technician - WC20;1
95;Production Technician - WC50;1
2;Vice President of Engineering;1
3;Engineering Manager;2
99;Production Technician - WC50;2
143;Production Technician - WC20;2
142;Production Technician - WC20;3
101;Production Technician - WC50;3
14;Senior Design Engineer;3
15;Design Engineer;4
98;Production Technician - WC50;4
136;Production Technician - WC20;4
140;Production Technician - WC20;5
96;Production Technician - WC50;5
5;Design Engineer;5
6;Design Engineer;6
94;Production Technician - WC50;6
144;Production Technician - WC20;6
100;Production Technician - WC50;7
11;Senior Tool Designer;7
138;Production Technician - WC20;7
13;Tool Designer;8
61;Production Technician - WC50;8
137;Production Technician - WC20;8
135;Production Technician - WC20;9
56;Production Technician - WC50;9
12;Tool Designer;9
57;Production Technician - WC50;10
154;Production Technician - WC20;10
273;Vice President of Sales;10
156;Production Technician - WC20;11
58;Production Technician - WC50;11
59;Production Technician - WC50;12
157;Production Technician - WC20;12
159;Production Technician - WC20;13
60;Production Technician - WC50;13
30;Production Technician - WC60;14
158;Production Technician - WC20;14
274;North American Sales Manager;14
153;Production Technician - WC20;15
34;Production Technician - WC60;15
37;Production Technician - WC60;16
10;Research and Development Manager;16
155;Production Technician - WC20;16
183;Production Technician - WC20;17
33;Production Technician - WC60;17
31;Production Technician - WC60;18
184;Production Technician - WC20;18
185;Production Technician - WC20;19
29;Production Technician - WC60;19
36;Production Technician - WC60;20
181;Production Technician - WC20;20
285;Pacific Sales Manager;20
182;Production Technician - WC20;21
28;Production Technician - WC60;21
287;European Sales Manager;21
35;Production Technician - WC60;22
172;Production Technician - WC30;22
280;Sales Representative;22
283;Sales Representative;23
175;Production Technician - WC30;23
32;Production Technician - WC60;23
38;Production Technician - WC60;24
177;Production Technician - WC30;24
277;Sales Representative;24
167;Production Technician - WC30;25
39;Production Technician - WC60;25
64;Production Technician - WC60;26
170;Production Technician - WC30;26
281;Sales Representative;26
276;Sales Representative;27
178;Production Technician - WC30;27
68;Production Technician - WC60;27
66;Production Technician - WC60;28
174;Production Technician - WC30;28
176;Production Technician - WC30;29
65;Production Technician - WC60;29
279;Sales Representative;29
63;Production Technician - WC60;30
179;Production Technician - WC30;30
169;Production Technician - WC30;31
282;Sales Representative;31
69;Production Technician - WC60;31
67;Production Technician - WC60;32
171;Production Technician - WC30;32
173;Production Technician - WC30;33
278;Sales Representative;33
70;Production Technician - WC60;33
43;Production Technician - WC60;34
168;Production Technician - WC30;34
290;Sales Representative;34
288;Sales Representative;35
150;Production Technician - WC30;35
41;Production Technician - WC60;35
46;Production Technician - WC60;36
146;Production Technician - WC30;36
286;Sales Representative;36
147;Production Technician - WC30;37
45;Production Technician - WC60;37
289;Sales Representative;37
44;Production Technician - WC60;38
148;Production Technician - WC30;38
275;Sales Representative;38
284;Sales Representative;39
149;Production Technician - WC30;39
42;Production Technician - WC60;39
16;Marketing Manager;40
134;Production Supervisor - WC20;40
151;Production Technician - WC30;40
152;Production Supervisor - WC20;41
20;Marketing Assistant;41
72;Production Technician - WC30;41
73;Production Technician - WC30;42
17;Marketing Assistant;42
180;Production Supervisor - WC20;42
19;Marketing Assistant;43
26;Production Control Manager;43
74;Production Technician - WC30;43
75;Production Technician - WC30;44
21;Marketing Specialist;44
222;Master Scheduler;44
224;Scheduling Assistant;45
22;Marketing Specialist;45
76;Production Technician - WC30;45
77;Production Technician - WC30;46
23;Marketing Specialist;46
223;Scheduling Assistant;46
225;Scheduling Assistant;47
194;Production Technician - WC40;47
24;Marketing Specialist;47
18;Marketing Specialist;48
4;Senior Tool Designer;48
197;Production Technician - WC40;48
226;Scheduling Assistant;48
240;Recruiter;49
250;Purchasing Manager;49
198;Production Technician - WC40;49
202;Production Technician - WC40;50
260;Purchasing Assistant;50
238;Recruiter;50
239;Benefits Specialist;51
261;Purchasing Assistant;51
203;Production Technician - WC40;51
193;Production Technician - WC40;52
255;Buyer;52
237;Human Resources Administrative Assistant;52
236;Human Resources Administrative Assistant;53
258;Buyer;53
196;Production Technician - WC40;53
199;Production Technician - WC40;54
257;Buyer;54
235;Human Resources Manager;54
249;Finance Manager;55
259;Buyer;55
201;Production Technician - WC40;55
200;Production Technician - WC40;56
262;Assistant to the Chief Financial Officer;56
253;Buyer;56
254;Buyer;57
241;Accounts Manager;57
204;Production Technician - WC40;57
195;Production Technician - WC40;58
245;Accountant;58
256;Buyer;58
251;Buyer;59
248;Accountant;59
86;Production Technician - WC40;59
79;Production Technician - WC40;60
242;Accounts Receivable Specialist;60
252;Buyer;60
243;Accounts Receivable Specialist;61
83;Production Technician - WC40;61
7;Research and Development Manager;61
8;Research and Development Engineer;62
82;Production Technician - WC40;62
244;Accounts Receivable Specialist;62
246;Accounts Payable Specialist;63
85;Production Technician - WC40;63
9;Research and Development Engineer;63
25;Vice President of Production;64
81;Production Technician - WC40;64
247;Accounts Payable Specialist;64
263;Information Services Manager;65
80;Production Technician - WC40;65
47;Production Supervisor - WC10;65
84;Production Technician - WC40;66
102;Production Supervisor - WC10;66
271;Database Administrator;66
270;Database Administrator;67
87;Production Supervisor - WC10;67
132;Production Technician - WC40;67
128;Production Technician - WC40;68
264;Network Manager;68
166;Production Supervisor - WC30;68
266;Network Administrator;69
129;Production Technician - WC40;69
145;Production Supervisor - WC30;69
133;Production Technician - WC40;70
71;Production Supervisor - WC30;70
265;Network Administrator;70
272;Application Specialist;71
192;Production Supervisor - WC40;71
130;Production Technician - WC40;71
131;Production Technician - WC40;72
78;Production Supervisor - WC40;72
269;Application Specialist;72
268;Application Specialist;73
164;Production Technician - WC45;73
127;Production Supervisor - WC40;73
160;Production Supervisor - WC45;74
161;Production Technician - WC45;74
267;Application Specialist;74
221;Control Specialist;75
162;Production Technician - WC45;75
186;Production Supervisor - WC45;75
205;Production Supervisor - WC45;76
165;Production Technician - WC45;76
218;Control Specialist;76
217;Document Control Manager;77
163;Production Technician - WC45;77
108;Production Supervisor - WC50;77
93;Production Supervisor - WC50;78
191;Production Technician - WC45;78
219;Document Control Assistant;78
220;Document Control Assistant;79
187;Production Technician - WC45;79
55;Production Supervisor - WC50;79
27;Production Supervisor - WC60;80
188;Production Technician - WC45;80
211;Quality Assurance Manager;80
212;Quality Assurance Supervisor;81
189;Production Technician - WC45;81
62;Production Supervisor - WC60;81
40;Production Supervisor - WC60;82
190;Production Technician - WC45;82
216;Quality Assurance Technician;82
215;Quality Assurance Technician;83
210;Production Technician - WC45;83
48;Production Technician - WC10;83
50;Production Technician - WC10;84
214;Quality Assurance Technician;84
206;Production Technician - WC45;84
207;Production Technician - WC45;85
213;Quality Assurance Technician;85
51;Production Technician - WC10;85
52;Production Technician - WC10;86
208;Production Technician - WC45;86
227;Facilities Manager;86
233;Facilities Administrative Assistant;87
209;Production Technician - WC45;87
53;Production Technician - WC10;87
49;Production Technician - WC10;88
118;Production Technician - WC50;88
230;Janitor;88
232;Janitor;89
120;Production Technician - WC50;89
54;Production Technician - WC10;89
110;Production Technician - WC50;90
105;Production Technician - WC10;90
229;Janitor;90
231;Janitor;91
112;Production Technician - WC50;91
107;Production Technician - WC10;91
115;Production Technician - WC50;92
106;Production Technician - WC10;92
228;Maintenance Supervisor;92
103;Production Technician - WC10;93
111;Production Technician - WC50;93
121;Shipping and Receiving Supervisor;93
125;Shipping and Receiving Clerk;94
119;Production Technician - WC50;94
104;Production Technician - WC10;94
109;Production Technician - WC50;95
91;Production Technician - WC10;95
123;Shipping and Receiving Clerk;95
126;Stocker;96
113;Production Technician - WC50;96
89;Production Technician - WC10;96
90;Production Technician - WC10;97
114;Production Technician - WC50;97
122;Stocker;97
124;Stocker;98
116;Production Technician - WC50;98
92;Production Technician - WC10;98
88;Production Technician - WC10;99
117;Production Technician - WC50;99
1;Chief Executive Officer;99
